Date,Year,Month Number,Month Name,Quarter,Day,Day Name
01-07-2024 00:00,2024,7,July,Q3,1,Monday
02-07-2024 00:00,2024,7,July,Q3,2,Tuesday
03-07-2024 00:00,2024,7,July,Q3,3,Wednesday
04-07-2024 00:00,2024,7,July,Q3,4,Thursday
05-07-2024 00:00,2024,7,July,Q3,5,Friday
06-07-2024 00:00,2024,7,July,Q3,6,Saturday
07-07-2024 00:00,2024,7,July,Q3,7,Sunday
08-07-2024 00:00,2024,7,July,Q3,8,Monday
09-07-2024 00:00,2024,7,July,Q3,9,Tuesday
10-07-2024 00:00,2024,7,July,Q3,10,Wednesday
11-07-2024 00:00,2024,7,July,Q3,11,Thursday
12-07-2024 00:00,2024,7,July,Q3,12,Friday
13-07-2024 00:00,2024,7,July,Q3,13,Saturday
14-07-2024 00:00,2024,7,July,Q3,14,Sunday
15-07-2024 00:00,2024,7,July,Q3,15,Monday
16-07-2024 00:00,2024,7,July,Q3,16,Tuesday
17-07-2024 00:00,2024,7,July,Q3,17,Wednesday
18-07-2024 00:00,2024,7,July,Q3,18,Thursday
19-07-2024 00:00,2024,7,July,Q3,19,Friday
20-07-2024 00:00,2024,7,July,Q3,20,Saturday
21-07-2024 00:00,2024,7,July,Q3,21,Sunday
22-07-2024 00:00,2024,7,July,Q3,22,Monday
23-07-2024 00:00,2024,7,July,Q3,23,Tuesday
24-07-2024 00:00,2024,7,July,Q3,24,Wednesday
25-07-2024 00:00,2024,7,July,Q3,25,Thursday
26-07-2024 00:00,2024,7,July,Q3,26,Friday
27-07-2024 00:00,2024,7,July,Q3,27,Saturday
28-07-2024 00:00,2024,7,July,Q3,28,Sunday
29-07-2024 00:00,2024,7,July,Q3,29,Monday
30-07-2024 00:00,2024,7,July,Q3,30,Tuesday
31-07-2024 00:00,2024,7,July,Q3,31,Wednesday
01-08-2024 00:00,2024,8,August,Q3,1,Thursday
02-08-2024 00:00,2024,8,August,Q3,2,Friday
03-08-2024 00:00,2024,8,August,Q3,3,Saturday
04-08-2024 00:00,2024,8,August,Q3,4,Sunday
05-08-2024 00:00,2024,8,August,Q3,5,Monday
06-08-2024 00:00,2024,8,August,Q3,6,Tuesday
07-08-2024 00:00,2024,8,August,Q3,7,Wednesday
08-08-2024 00:00,2024,8,August,Q3,8,Thursday
09-08-2024 00:00,2024,8,August,Q3,9,Friday
10-08-2024 00:00,2024,8,August,Q3,10,Saturday
11-08-2024 00:00,2024,8,August,Q3,11,Sunday
12-08-2024 00:00,2024,8,August,Q3,12,Monday
13-08-2024 00:00,2024,8,August,Q3,13,Tuesday
14-08-2024 00:00,2024,8,August,Q3,14,Wednesday
15-08-2024 00:00,2024,8,August,Q3,15,Thursday
16-08-2024 00:00,2024,8,August,Q3,16,Friday
17-08-2024 00:00,2024,8,August,Q3,17,Saturday
18-08-2024 00:00,2024,8,August,Q3,18,Sunday
19-08-2024 00:00,2024,8,August,Q3,19,Monday
20-08-2024 00:00,2024,8,August,Q3,20,Tuesday
21-08-2024 00:00,2024,8,August,Q3,21,Wednesday
22-08-2024 00:00,2024,8,August,Q3,22,Thursday
23-08-2024 00:00,2024,8,August,Q3,23,Friday
24-08-2024 00:00,2024,8,August,Q3,24,Saturday
25-08-2024 00:00,2024,8,August,Q3,25,Sunday
26-08-2024 00:00,2024,8,August,Q3,26,Monday
27-08-2024 00:00,2024,8,August,Q3,27,Tuesday
28-08-2024 00:00,2024,8,August,Q3,28,Wednesday
29-08-2024 00:00,2024,8,August,Q3,29,Thursday
30-08-2024 00:00,2024,8,August,Q3,30,Friday
31-08-2024 00:00,2024,8,August,Q3,31,Saturday
01-09-2024 00:00,2024,9,September,Q3,1,Sunday
02-09-2024 00:00,2024,9,September,Q3,2,Monday
03-09-2024 00:00,2024,9,September,Q3,3,Tuesday
04-09-2024 00:00,2024,9,September,Q3,4,Wednesday
05-09-2024 00:00,2024,9,September,Q3,5,Thursday
06-09-2024 00:00,2024,9,September,Q3,6,Friday
07-09-2024 00:00,2024,9,September,Q3,7,Saturday
08-09-2024 00:00,2024,9,September,Q3,8,Sunday
09-09-2024 00:00,2024,9,September,Q3,9,Monday
10-09-2024 00:00,2024,9,September,Q3,10,Tuesday
11-09-2024 00:00,2024,9,September,Q3,11,Wednesday
12-09-2024 00:00,2024,9,September,Q3,12,Thursday
13-09-2024 00:00,2024,9,September,Q3,13,Friday
14-09-2024 00:00,2024,9,September,Q3,14,Saturday
15-09-2024 00:00,2024,9,September,Q3,15,Sunday
16-09-2024 00:00,2024,9,September,Q3,16,Monday
17-09-2024 00:00,2024,9,September,Q3,17,Tuesday
18-09-2024 00:00,2024,9,September,Q3,18,Wednesday
19-09-2024 00:00,2024,9,September,Q3,19,Thursday
20-09-2024 00:00,2024,9,September,Q3,20,Friday
21-09-2024 00:00,2024,9,September,Q3,21,Saturday
22-09-2024 00:00,2024,9,September,Q3,22,Sunday
23-09-2024 00:00,2024,9,September,Q3,23,Monday
24-09-2024 00:00,2024,9,September,Q3,24,Tuesday
25-09-2024 00:00,2024,9,September,Q3,25,Wednesday
26-09-2024 00:00,2024,9,September,Q3,26,Thursday
27-09-2024 00:00,2024,9,September,Q3,27,Friday
28-09-2024 00:00,2024,9,September,Q3,28,Saturday
29-09-2024 00:00,2024,9,September,Q3,29,Sunday
30-09-2024 00:00,2024,9,September,Q3,30,Monday
01-07-2025 00:00,2025,7,July,Q3,1,Tuesday
02-07-2025 00:00,2025,7,July,Q3,2,Wednesday
03-07-2025 00:00,2025,7,July,Q3,3,Thursday
04-07-2025 00:00,2025,7,July,Q3,4,Friday
05-07-2025 00:00,2025,7,July,Q3,5,Saturday
06-07-2025 00:00,2025,7,July,Q3,6,Sunday
07-07-2025 00:00,2025,7,July,Q3,7,Monday
08-07-2025 00:00,2025,7,July,Q3,8,Tuesday
09-07-2025 00:00,2025,7,July,Q3,9,Wednesday
10-07-2025 00:00,2025,7,July,Q3,10,Thursday
11-07-2025 00:00,2025,7,July,Q3,11,Friday
12-07-2025 00:00,2025,7,July,Q3,12,Saturday
13-07-2025 00:00,2025,7,July,Q3,13,Sunday
14-07-2025 00:00,2025,7,July,Q3,14,Monday
15-07-2025 00:00,2025,7,July,Q3,15,Tuesday
16-07-2025 00:00,2025,7,July,Q3,16,Wednesday
17-07-2025 00:00,2025,7,July,Q3,17,Thursday
18-07-2025 00:00,2025,7,July,Q3,18,Friday
19-07-2025 00:00,2025,7,July,Q3,19,Saturday
20-07-2025 00:00,2025,7,July,Q3,20,Sunday
21-07-2025 00:00,2025,7,July,Q3,21,Monday
22-07-2025 00:00,2025,7,July,Q3,22,Tuesday
23-07-2025 00:00,2025,7,July,Q3,23,Wednesday
24-07-2025 00:00,2025,7,July,Q3,24,Thursday
25-07-2025 00:00,2025,7,July,Q3,25,Friday
26-07-2025 00:00,2025,7,July,Q3,26,Saturday
27-07-2025 00:00,2025,7,July,Q3,27,Sunday
28-07-2025 00:00,2025,7,July,Q3,28,Monday
29-07-2025 00:00,2025,7,July,Q3,29,Tuesday
30-07-2025 00:00,2025,7,July,Q3,30,Wednesday
31-07-2025 00:00,2025,7,July,Q3,31,Thursday
01-08-2025 00:00,2025,8,August,Q3,1,Friday
02-08-2025 00:00,2025,8,August,Q3,2,Saturday
03-08-2025 00:00,2025,8,August,Q3,3,Sunday
04-08-2025 00:00,2025,8,August,Q3,4,Monday
05-08-2025 00:00,2025,8,August,Q3,5,Tuesday
06-08-2025 00:00,2025,8,August,Q3,6,Wednesday
07-08-2025 00:00,2025,8,August,Q3,7,Thursday
08-08-2025 00:00,2025,8,August,Q3,8,Friday
09-08-2025 00:00,2025,8,August,Q3,9,Saturday
10-08-2025 00:00,2025,8,August,Q3,10,Sunday
11-08-2025 00:00,2025,8,August,Q3,11,Monday
12-08-2025 00:00,2025,8,August,Q3,12,Tuesday
13-08-2025 00:00,2025,8,August,Q3,13,Wednesday
14-08-2025 00:00,2025,8,August,Q3,14,Thursday
15-08-2025 00:00,2025,8,August,Q3,15,Friday
16-08-2025 00:00,2025,8,August,Q3,16,Saturday
17-08-2025 00:00,2025,8,August,Q3,17,Sunday
18-08-2025 00:00,2025,8,August,Q3,18,Monday
19-08-2025 00:00,2025,8,August,Q3,19,Tuesday
20-08-2025 00:00,2025,8,August,Q3,20,Wednesday
21-08-2025 00:00,2025,8,August,Q3,21,Thursday
22-08-2025 00:00,2025,8,August,Q3,22,Friday
23-08-2025 00:00,2025,8,August,Q3,23,Saturday
24-08-2025 00:00,2025,8,August,Q3,24,Sunday
25-08-2025 00:00,2025,8,August,Q3,25,Monday
26-08-2025 00:00,2025,8,August,Q3,26,Tuesday
27-08-2025 00:00,2025,8,August,Q3,27,Wednesday
28-08-2025 00:00,2025,8,August,Q3,28,Thursday
29-08-2025 00:00,2025,8,August,Q3,29,Friday
30-08-2025 00:00,2025,8,August,Q3,30,Saturday
31-08-2025 00:00,2025,8,August,Q3,31,Sunday
01-09-2025 00:00,2025,9,September,Q3,1,Monday
02-09-2025 00:00,2025,9,September,Q3,2,Tuesday
03-09-2025 00:00,2025,9,September,Q3,3,Wednesday
04-09-2025 00:00,2025,9,September,Q3,4,Thursday
05-09-2025 00:00,2025,9,September,Q3,5,Friday
06-09-2025 00:00,2025,9,September,Q3,6,Saturday
07-09-2025 00:00,2025,9,September,Q3,7,Sunday
08-09-2025 00:00,2025,9,September,Q3,8,Monday
09-09-2025 00:00,2025,9,September,Q3,9,Tuesday
10-09-2025 00:00,2025,9,September,Q3,10,Wednesday
11-09-2025 00:00,2025,9,September,Q3,11,Thursday
12-09-2025 00:00,2025,9,September,Q3,12,Friday
13-09-2025 00:00,2025,9,September,Q3,13,Saturday
14-09-2025 00:00,2025,9,September,Q3,14,Sunday
15-09-2025 00:00,2025,9,September,Q3,15,Monday
16-09-2025 00:00,2025,9,September,Q3,16,Tuesday
17-09-2025 00:00,2025,9,September,Q3,17,Wednesday
18-09-2025 00:00,2025,9,September,Q3,18,Thursday
19-09-2025 00:00,2025,9,September,Q3,19,Friday
20-09-2025 00:00,2025,9,September,Q3,20,Saturday
21-09-2025 00:00,2025,9,September,Q3,21,Sunday
22-09-2025 00:00,2025,9,September,Q3,22,Monday
23-09-2025 00:00,2025,9,September,Q3,23,Tuesday
24-09-2025 00:00,2025,9,September,Q3,24,Wednesday
25-09-2025 00:00,2025,9,September,Q3,25,Thursday
26-09-2025 00:00,2025,9,September,Q3,26,Friday
27-09-2025 00:00,2025,9,September,Q3,27,Saturday
28-09-2025 00:00,2025,9,September,Q3,28,Sunday
29-09-2025 00:00,2025,9,September,Q3,29,Monday
30-09-2025 00:00,2025,9,September,Q3,30,Tuesday
01-04-2024 00:00,2024,4,April,Q2,1,Monday
02-04-2024 00:00,2024,4,April,Q2,2,Tuesday
03-04-2024 00:00,2024,4,April,Q2,3,Wednesday
04-04-2024 00:00,2024,4,April,Q2,4,Thursday
05-04-2024 00:00,2024,4,April,Q2,5,Friday
06-04-2024 00:00,2024,4,April,Q2,6,Saturday
07-04-2024 00:00,2024,4,April,Q2,7,Sunday
08-04-2024 00:00,2024,4,April,Q2,8,Monday
09-04-2024 00:00,2024,4,April,Q2,9,Tuesday
10-04-2024 00:00,2024,4,April,Q2,10,Wednesday
11-04-2024 00:00,2024,4,April,Q2,11,Thursday
12-04-2024 00:00,2024,4,April,Q2,12,Friday
13-04-2024 00:00,2024,4,April,Q2,13,Saturday
14-04-2024 00:00,2024,4,April,Q2,14,Sunday
15-04-2024 00:00,2024,4,April,Q2,15,Monday
16-04-2024 00:00,2024,4,April,Q2,16,Tuesday
17-04-2024 00:00,2024,4,April,Q2,17,Wednesday
18-04-2024 00:00,2024,4,April,Q2,18,Thursday
19-04-2024 00:00,2024,4,April,Q2,19,Friday
20-04-2024 00:00,2024,4,April,Q2,20,Saturday
21-04-2024 00:00,2024,4,April,Q2,21,Sunday
22-04-2024 00:00,2024,4,April,Q2,22,Monday
23-04-2024 00:00,2024,4,April,Q2,23,Tuesday
24-04-2024 00:00,2024,4,April,Q2,24,Wednesday
25-04-2024 00:00,2024,4,April,Q2,25,Thursday
26-04-2024 00:00,2024,4,April,Q2,26,Friday
27-04-2024 00:00,2024,4,April,Q2,27,Saturday
28-04-2024 00:00,2024,4,April,Q2,28,Sunday
29-04-2024 00:00,2024,4,April,Q2,29,Monday
30-04-2024 00:00,2024,4,April,Q2,30,Tuesday
01-05-2024 00:00,2024,5,May,Q2,1,Wednesday
02-05-2024 00:00,2024,5,May,Q2,2,Thursday
03-05-2024 00:00,2024,5,May,Q2,3,Friday
04-05-2024 00:00,2024,5,May,Q2,4,Saturday
05-05-2024 00:00,2024,5,May,Q2,5,Sunday
06-05-2024 00:00,2024,5,May,Q2,6,Monday
07-05-2024 00:00,2024,5,May,Q2,7,Tuesday
08-05-2024 00:00,2024,5,May,Q2,8,Wednesday
09-05-2024 00:00,2024,5,May,Q2,9,Thursday
10-05-2024 00:00,2024,5,May,Q2,10,Friday
11-05-2024 00:00,2024,5,May,Q2,11,Saturday
12-05-2024 00:00,2024,5,May,Q2,12,Sunday
13-05-2024 00:00,2024,5,May,Q2,13,Monday
14-05-2024 00:00,2024,5,May,Q2,14,Tuesday
15-05-2024 00:00,2024,5,May,Q2,15,Wednesday
16-05-2024 00:00,2024,5,May,Q2,16,Thursday
17-05-2024 00:00,2024,5,May,Q2,17,Friday
18-05-2024 00:00,2024,5,May,Q2,18,Saturday
19-05-2024 00:00,2024,5,May,Q2,19,Sunday
20-05-2024 00:00,2024,5,May,Q2,20,Monday
21-05-2024 00:00,2024,5,May,Q2,21,Tuesday
22-05-2024 00:00,2024,5,May,Q2,22,Wednesday
23-05-2024 00:00,2024,5,May,Q2,23,Thursday
24-05-2024 00:00,2024,5,May,Q2,24,Friday
25-05-2024 00:00,2024,5,May,Q2,25,Saturday
26-05-2024 00:00,2024,5,May,Q2,26,Sunday
27-05-2024 00:00,2024,5,May,Q2,27,Monday
28-05-2024 00:00,2024,5,May,Q2,28,Tuesday
29-05-2024 00:00,2024,5,May,Q2,29,Wednesday
30-05-2024 00:00,2024,5,May,Q2,30,Thursday
31-05-2024 00:00,2024,5,May,Q2,31,Friday
01-06-2024 00:00,2024,6,June,Q2,1,Saturday
02-06-2024 00:00,2024,6,June,Q2,2,Sunday
03-06-2024 00:00,2024,6,June,Q2,3,Monday
04-06-2024 00:00,2024,6,June,Q2,4,Tuesday
05-06-2024 00:00,2024,6,June,Q2,5,Wednesday
06-06-2024 00:00,2024,6,June,Q2,6,Thursday
07-06-2024 00:00,2024,6,June,Q2,7,Friday
08-06-2024 00:00,2024,6,June,Q2,8,Saturday
09-06-2024 00:00,2024,6,June,Q2,9,Sunday
10-06-2024 00:00,2024,6,June,Q2,10,Monday
11-06-2024 00:00,2024,6,June,Q2,11,Tuesday
12-06-2024 00:00,2024,6,June,Q2,12,Wednesday
13-06-2024 00:00,2024,6,June,Q2,13,Thursday
14-06-2024 00:00,2024,6,June,Q2,14,Friday
15-06-2024 00:00,2024,6,June,Q2,15,Saturday
16-06-2024 00:00,2024,6,June,Q2,16,Sunday
17-06-2024 00:00,2024,6,June,Q2,17,Monday
18-06-2024 00:00,2024,6,June,Q2,18,Tuesday
19-06-2024 00:00,2024,6,June,Q2,19,Wednesday
20-06-2024 00:00,2024,6,June,Q2,20,Thursday
21-06-2024 00:00,2024,6,June,Q2,21,Friday
22-06-2024 00:00,2024,6,June,Q2,22,Saturday
23-06-2024 00:00,2024,6,June,Q2,23,Sunday
24-06-2024 00:00,2024,6,June,Q2,24,Monday
25-06-2024 00:00,2024,6,June,Q2,25,Tuesday
26-06-2024 00:00,2024,6,June,Q2,26,Wednesday
27-06-2024 00:00,2024,6,June,Q2,27,Thursday
28-06-2024 00:00,2024,6,June,Q2,28,Friday
29-06-2024 00:00,2024,6,June,Q2,29,Saturday
30-06-2024 00:00,2024,6,June,Q2,30,Sunday
01-04-2025 00:00,2025,4,April,Q2,1,Tuesday
02-04-2025 00:00,2025,4,April,Q2,2,Wednesday
03-04-2025 00:00,2025,4,April,Q2,3,Thursday
04-04-2025 00:00,2025,4,April,Q2,4,Friday
05-04-2025 00:00,2025,4,April,Q2,5,Saturday
06-04-2025 00:00,2025,4,April,Q2,6,Sunday
07-04-2025 00:00,2025,4,April,Q2,7,Monday
08-04-2025 00:00,2025,4,April,Q2,8,Tuesday
09-04-2025 00:00,2025,4,April,Q2,9,Wednesday
10-04-2025 00:00,2025,4,April,Q2,10,Thursday
11-04-2025 00:00,2025,4,April,Q2,11,Friday
12-04-2025 00:00,2025,4,April,Q2,12,Saturday
13-04-2025 00:00,2025,4,April,Q2,13,Sunday
14-04-2025 00:00,2025,4,April,Q2,14,Monday
15-04-2025 00:00,2025,4,April,Q2,15,Tuesday
16-04-2025 00:00,2025,4,April,Q2,16,Wednesday
17-04-2025 00:00,2025,4,April,Q2,17,Thursday
18-04-2025 00:00,2025,4,April,Q2,18,Friday
19-04-2025 00:00,2025,4,April,Q2,19,Saturday
20-04-2025 00:00,2025,4,April,Q2,20,Sunday
21-04-2025 00:00,2025,4,April,Q2,21,Monday
22-04-2025 00:00,2025,4,April,Q2,22,Tuesday
23-04-2025 00:00,2025,4,April,Q2,23,Wednesday
24-04-2025 00:00,2025,4,April,Q2,24,Thursday
25-04-2025 00:00,2025,4,April,Q2,25,Friday
26-04-2025 00:00,2025,4,April,Q2,26,Saturday
27-04-2025 00:00,2025,4,April,Q2,27,Sunday
28-04-2025 00:00,2025,4,April,Q2,28,Monday
29-04-2025 00:00,2025,4,April,Q2,29,Tuesday
30-04-2025 00:00,2025,4,April,Q2,30,Wednesday
01-05-2025 00:00,2025,5,May,Q2,1,Thursday
02-05-2025 00:00,2025,5,May,Q2,2,Friday
03-05-2025 00:00,2025,5,May,Q2,3,Saturday
04-05-2025 00:00,2025,5,May,Q2,4,Sunday
05-05-2025 00:00,2025,5,May,Q2,5,Monday
06-05-2025 00:00,2025,5,May,Q2,6,Tuesday
07-05-2025 00:00,2025,5,May,Q2,7,Wednesday
08-05-2025 00:00,2025,5,May,Q2,8,Thursday
09-05-2025 00:00,2025,5,May,Q2,9,Friday
10-05-2025 00:00,2025,5,May,Q2,10,Saturday
11-05-2025 00:00,2025,5,May,Q2,11,Sunday
12-05-2025 00:00,2025,5,May,Q2,12,Monday
13-05-2025 00:00,2025,5,May,Q2,13,Tuesday
14-05-2025 00:00,2025,5,May,Q2,14,Wednesday
15-05-2025 00:00,2025,5,May,Q2,15,Thursday
16-05-2025 00:00,2025,5,May,Q2,16,Friday
17-05-2025 00:00,2025,5,May,Q2,17,Saturday
18-05-2025 00:00,2025,5,May,Q2,18,Sunday
19-05-2025 00:00,2025,5,May,Q2,19,Monday
20-05-2025 00:00,2025,5,May,Q2,20,Tuesday
21-05-2025 00:00,2025,5,May,Q2,21,Wednesday
22-05-2025 00:00,2025,5,May,Q2,22,Thursday
23-05-2025 00:00,2025,5,May,Q2,23,Friday
24-05-2025 00:00,2025,5,May,Q2,24,Saturday
25-05-2025 00:00,2025,5,May,Q2,25,Sunday
26-05-2025 00:00,2025,5,May,Q2,26,Monday
27-05-2025 00:00,2025,5,May,Q2,27,Tuesday
28-05-2025 00:00,2025,5,May,Q2,28,Wednesday
29-05-2025 00:00,2025,5,May,Q2,29,Thursday
30-05-2025 00:00,2025,5,May,Q2,30,Friday
31-05-2025 00:00,2025,5,May,Q2,31,Saturday
01-06-2025 00:00,2025,6,June,Q2,1,Sunday
02-06-2025 00:00,2025,6,June,Q2,2,Monday
03-06-2025 00:00,2025,6,June,Q2,3,Tuesday
04-06-2025 00:00,2025,6,June,Q2,4,Wednesday
05-06-2025 00:00,2025,6,June,Q2,5,Thursday
06-06-2025 00:00,2025,6,June,Q2,6,Friday
07-06-2025 00:00,2025,6,June,Q2,7,Saturday
08-06-2025 00:00,2025,6,June,Q2,8,Sunday
09-06-2025 00:00,2025,6,June,Q2,9,Monday
10-06-2025 00:00,2025,6,June,Q2,10,Tuesday
11-06-2025 00:00,2025,6,June,Q2,11,Wednesday
12-06-2025 00:00,2025,6,June,Q2,12,Thursday
13-06-2025 00:00,2025,6,June,Q2,13,Friday
14-06-2025 00:00,2025,6,June,Q2,14,Saturday
15-06-2025 00:00,2025,6,June,Q2,15,Sunday
16-06-2025 00:00,2025,6,June,Q2,16,Monday
17-06-2025 00:00,2025,6,June,Q2,17,Tuesday
18-06-2025 00:00,2025,6,June,Q2,18,Wednesday
19-06-2025 00:00,2025,6,June,Q2,19,Thursday
20-06-2025 00:00,2025,6,June,Q2,20,Friday
21-06-2025 00:00,2025,6,June,Q2,21,Saturday
22-06-2025 00:00,2025,6,June,Q2,22,Sunday
23-06-2025 00:00,2025,6,June,Q2,23,Monday
24-06-2025 00:00,2025,6,June,Q2,24,Tuesday
25-06-2025 00:00,2025,6,June,Q2,25,Wednesday
26-06-2025 00:00,2025,6,June,Q2,26,Thursday
27-06-2025 00:00,2025,6,June,Q2,27,Friday
28-06-2025 00:00,2025,6,June,Q2,28,Saturday
29-06-2025 00:00,2025,6,June,Q2,29,Sunday
30-06-2025 00:00,2025,6,June,Q2,30,Monday
01-01-2024 00:00,2024,1,January,Q1,1,Monday
02-01-2024 00:00,2024,1,January,Q1,2,Tuesday
03-01-2024 00:00,2024,1,January,Q1,3,Wednesday
04-01-2024 00:00,2024,1,January,Q1,4,Thursday
05-01-2024 00:00,2024,1,January,Q1,5,Friday
06-01-2024 00:00,2024,1,January,Q1,6,Saturday
07-01-2024 00:00,2024,1,January,Q1,7,Sunday
08-01-2024 00:00,2024,1,January,Q1,8,Monday
09-01-2024 00:00,2024,1,January,Q1,9,Tuesday
10-01-2024 00:00,2024,1,January,Q1,10,Wednesday
11-01-2024 00:00,2024,1,January,Q1,11,Thursday
12-01-2024 00:00,2024,1,January,Q1,12,Friday
13-01-2024 00:00,2024,1,January,Q1,13,Saturday
14-01-2024 00:00,2024,1,January,Q1,14,Sunday
15-01-2024 00:00,2024,1,January,Q1,15,Monday
16-01-2024 00:00,2024,1,January,Q1,16,Tuesday
17-01-2024 00:00,2024,1,January,Q1,17,Wednesday
18-01-2024 00:00,2024,1,January,Q1,18,Thursday
19-01-2024 00:00,2024,1,January,Q1,19,Friday
20-01-2024 00:00,2024,1,January,Q1,20,Saturday
21-01-2024 00:00,2024,1,January,Q1,21,Sunday
22-01-2024 00:00,2024,1,January,Q1,22,Monday
23-01-2024 00:00,2024,1,January,Q1,23,Tuesday
24-01-2024 00:00,2024,1,January,Q1,24,Wednesday
25-01-2024 00:00,2024,1,January,Q1,25,Thursday
26-01-2024 00:00,2024,1,January,Q1,26,Friday
27-01-2024 00:00,2024,1,January,Q1,27,Saturday
28-01-2024 00:00,2024,1,January,Q1,28,Sunday
29-01-2024 00:00,2024,1,January,Q1,29,Monday
30-01-2024 00:00,2024,1,January,Q1,30,Tuesday
31-01-2024 00:00,2024,1,January,Q1,31,Wednesday
01-02-2024 00:00,2024,2,February,Q1,1,Thursday
02-02-2024 00:00,2024,2,February,Q1,2,Friday
03-02-2024 00:00,2024,2,February,Q1,3,Saturday
04-02-2024 00:00,2024,2,February,Q1,4,Sunday
05-02-2024 00:00,2024,2,February,Q1,5,Monday
06-02-2024 00:00,2024,2,February,Q1,6,Tuesday
07-02-2024 00:00,2024,2,February,Q1,7,Wednesday
08-02-2024 00:00,2024,2,February,Q1,8,Thursday
09-02-2024 00:00,2024,2,February,Q1,9,Friday
10-02-2024 00:00,2024,2,February,Q1,10,Saturday
11-02-2024 00:00,2024,2,February,Q1,11,Sunday
12-02-2024 00:00,2024,2,February,Q1,12,Monday
13-02-2024 00:00,2024,2,February,Q1,13,Tuesday
14-02-2024 00:00,2024,2,February,Q1,14,Wednesday
15-02-2024 00:00,2024,2,February,Q1,15,Thursday
16-02-2024 00:00,2024,2,February,Q1,16,Friday
17-02-2024 00:00,2024,2,February,Q1,17,Saturday
18-02-2024 00:00,2024,2,February,Q1,18,Sunday
19-02-2024 00:00,2024,2,February,Q1,19,Monday
20-02-2024 00:00,2024,2,February,Q1,20,Tuesday
21-02-2024 00:00,2024,2,February,Q1,21,Wednesday
22-02-2024 00:00,2024,2,February,Q1,22,Thursday
23-02-2024 00:00,2024,2,February,Q1,23,Friday
24-02-2024 00:00,2024,2,February,Q1,24,Saturday
25-02-2024 00:00,2024,2,February,Q1,25,Sunday
26-02-2024 00:00,2024,2,February,Q1,26,Monday
27-02-2024 00:00,2024,2,February,Q1,27,Tuesday
28-02-2024 00:00,2024,2,February,Q1,28,Wednesday
29-02-2024 00:00,2024,2,February,Q1,29,Thursday
01-03-2024 00:00,2024,3,March,Q1,1,Friday
02-03-2024 00:00,2024,3,March,Q1,2,Saturday
03-03-2024 00:00,2024,3,March,Q1,3,Sunday
04-03-2024 00:00,2024,3,March,Q1,4,Monday
05-03-2024 00:00,2024,3,March,Q1,5,Tuesday
06-03-2024 00:00,2024,3,March,Q1,6,Wednesday
07-03-2024 00:00,2024,3,March,Q1,7,Thursday
08-03-2024 00:00,2024,3,March,Q1,8,Friday
09-03-2024 00:00,2024,3,March,Q1,9,Saturday
10-03-2024 00:00,2024,3,March,Q1,10,Sunday
11-03-2024 00:00,2024,3,March,Q1,11,Monday
12-03-2024 00:00,2024,3,March,Q1,12,Tuesday
13-03-2024 00:00,2024,3,March,Q1,13,Wednesday
14-03-2024 00:00,2024,3,March,Q1,14,Thursday
15-03-2024 00:00,2024,3,March,Q1,15,Friday
16-03-2024 00:00,2024,3,March,Q1,16,Saturday
17-03-2024 00:00,2024,3,March,Q1,17,Sunday
18-03-2024 00:00,2024,3,March,Q1,18,Monday
19-03-2024 00:00,2024,3,March,Q1,19,Tuesday
20-03-2024 00:00,2024,3,March,Q1,20,Wednesday
21-03-2024 00:00,2024,3,March,Q1,21,Thursday
22-03-2024 00:00,2024,3,March,Q1,22,Friday
23-03-2024 00:00,2024,3,March,Q1,23,Saturday
24-03-2024 00:00,2024,3,March,Q1,24,Sunday
25-03-2024 00:00,2024,3,March,Q1,25,Monday
26-03-2024 00:00,2024,3,March,Q1,26,Tuesday
27-03-2024 00:00,2024,3,March,Q1,27,Wednesday
28-03-2024 00:00,2024,3,March,Q1,28,Thursday
29-03-2024 00:00,2024,3,March,Q1,29,Friday
30-03-2024 00:00,2024,3,March,Q1,30,Saturday
31-03-2024 00:00,2024,3,March,Q1,31,Sunday
01-01-2025 00:00,2025,1,January,Q1,1,Wednesday
02-01-2025 00:00,2025,1,January,Q1,2,Thursday
03-01-2025 00:00,2025,1,January,Q1,3,Friday
04-01-2025 00:00,2025,1,January,Q1,4,Saturday
05-01-2025 00:00,2025,1,January,Q1,5,Sunday
06-01-2025 00:00,2025,1,January,Q1,6,Monday
07-01-2025 00:00,2025,1,January,Q1,7,Tuesday
08-01-2025 00:00,2025,1,January,Q1,8,Wednesday
09-01-2025 00:00,2025,1,January,Q1,9,Thursday
10-01-2025 00:00,2025,1,January,Q1,10,Friday
11-01-2025 00:00,2025,1,January,Q1,11,Saturday
12-01-2025 00:00,2025,1,January,Q1,12,Sunday
13-01-2025 00:00,2025,1,January,Q1,13,Monday
14-01-2025 00:00,2025,1,January,Q1,14,Tuesday
15-01-2025 00:00,2025,1,January,Q1,15,Wednesday
16-01-2025 00:00,2025,1,January,Q1,16,Thursday
17-01-2025 00:00,2025,1,January,Q1,17,Friday
18-01-2025 00:00,2025,1,January,Q1,18,Saturday
19-01-2025 00:00,2025,1,January,Q1,19,Sunday
20-01-2025 00:00,2025,1,January,Q1,20,Monday
21-01-2025 00:00,2025,1,January,Q1,21,Tuesday
22-01-2025 00:00,2025,1,January,Q1,22,Wednesday
23-01-2025 00:00,2025,1,January,Q1,23,Thursday
24-01-2025 00:00,2025,1,January,Q1,24,Friday
25-01-2025 00:00,2025,1,January,Q1,25,Saturday
26-01-2025 00:00,2025,1,January,Q1,26,Sunday
27-01-2025 00:00,2025,1,January,Q1,27,Monday
28-01-2025 00:00,2025,1,January,Q1,28,Tuesday
29-01-2025 00:00,2025,1,January,Q1,29,Wednesday
30-01-2025 00:00,2025,1,January,Q1,30,Thursday
31-01-2025 00:00,2025,1,January,Q1,31,Friday
01-02-2025 00:00,2025,2,February,Q1,1,Saturday
02-02-2025 00:00,2025,2,February,Q1,2,Sunday
03-02-2025 00:00,2025,2,February,Q1,3,Monday
04-02-2025 00:00,2025,2,February,Q1,4,Tuesday
05-02-2025 00:00,2025,2,February,Q1,5,Wednesday
06-02-2025 00:00,2025,2,February,Q1,6,Thursday
07-02-2025 00:00,2025,2,February,Q1,7,Friday
08-02-2025 00:00,2025,2,February,Q1,8,Saturday
09-02-2025 00:00,2025,2,February,Q1,9,Sunday
10-02-2025 00:00,2025,2,February,Q1,10,Monday
11-02-2025 00:00,2025,2,February,Q1,11,Tuesday
12-02-2025 00:00,2025,2,February,Q1,12,Wednesday
13-02-2025 00:00,2025,2,February,Q1,13,Thursday
14-02-2025 00:00,2025,2,February,Q1,14,Friday
15-02-2025 00:00,2025,2,February,Q1,15,Saturday
16-02-2025 00:00,2025,2,February,Q1,16,Sunday
17-02-2025 00:00,2025,2,February,Q1,17,Monday
18-02-2025 00:00,2025,2,February,Q1,18,Tuesday
19-02-2025 00:00,2025,2,February,Q1,19,Wednesday
20-02-2025 00:00,2025,2,February,Q1,20,Thursday
21-02-2025 00:00,2025,2,February,Q1,21,Friday
22-02-2025 00:00,2025,2,February,Q1,22,Saturday
23-02-2025 00:00,2025,2,February,Q1,23,Sunday
24-02-2025 00:00,2025,2,February,Q1,24,Monday
25-02-2025 00:00,2025,2,February,Q1,25,Tuesday
26-02-2025 00:00,2025,2,February,Q1,26,Wednesday
27-02-2025 00:00,2025,2,February,Q1,27,Thursday
28-02-2025 00:00,2025,2,February,Q1,28,Friday
01-03-2025 00:00,2025,3,March,Q1,1,Saturday
02-03-2025 00:00,2025,3,March,Q1,2,Sunday
03-03-2025 00:00,2025,3,March,Q1,3,Monday
04-03-2025 00:00,2025,3,March,Q1,4,Tuesday
05-03-2025 00:00,2025,3,March,Q1,5,Wednesday
06-03-2025 00:00,2025,3,March,Q1,6,Thursday
07-03-2025 00:00,2025,3,March,Q1,7,Friday
08-03-2025 00:00,2025,3,March,Q1,8,Saturday
09-03-2025 00:00,2025,3,March,Q1,9,Sunday
10-03-2025 00:00,2025,3,March,Q1,10,Monday
11-03-2025 00:00,2025,3,March,Q1,11,Tuesday
12-03-2025 00:00,2025,3,March,Q1,12,Wednesday
13-03-2025 00:00,2025,3,March,Q1,13,Thursday
14-03-2025 00:00,2025,3,March,Q1,14,Friday
15-03-2025 00:00,2025,3,March,Q1,15,Saturday
16-03-2025 00:00,2025,3,March,Q1,16,Sunday
17-03-2025 00:00,2025,3,March,Q1,17,Monday
18-03-2025 00:00,2025,3,March,Q1,18,Tuesday
19-03-2025 00:00,2025,3,March,Q1,19,Wednesday
20-03-2025 00:00,2025,3,March,Q1,20,Thursday
21-03-2025 00:00,2025,3,March,Q1,21,Friday
22-03-2025 00:00,2025,3,March,Q1,22,Saturday
23-03-2025 00:00,2025,3,March,Q1,23,Sunday
24-03-2025 00:00,2025,3,March,Q1,24,Monday
25-03-2025 00:00,2025,3,March,Q1,25,Tuesday
26-03-2025 00:00,2025,3,March,Q1,26,Wednesday
27-03-2025 00:00,2025,3,March,Q1,27,Thursday
28-03-2025 00:00,2025,3,March,Q1,28,Friday
29-03-2025 00:00,2025,3,March,Q1,29,Saturday
30-03-2025 00:00,2025,3,March,Q1,30,Sunday
31-03-2025 00:00,2025,3,March,Q1,31,Monday
01-10-2024 00:00,2024,10,October,Q4,1,Tuesday
02-10-2024 00:00,2024,10,October,Q4,2,Wednesday
03-10-2024 00:00,2024,10,October,Q4,3,Thursday
04-10-2024 00:00,2024,10,October,Q4,4,Friday
05-10-2024 00:00,2024,10,October,Q4,5,Saturday
06-10-2024 00:00,2024,10,October,Q4,6,Sunday
07-10-2024 00:00,2024,10,October,Q4,7,Monday
08-10-2024 00:00,2024,10,October,Q4,8,Tuesday
09-10-2024 00:00,2024,10,October,Q4,9,Wednesday
10-10-2024 00:00,2024,10,October,Q4,10,Thursday
11-10-2024 00:00,2024,10,October,Q4,11,Friday
12-10-2024 00:00,2024,10,October,Q4,12,Saturday
13-10-2024 00:00,2024,10,October,Q4,13,Sunday
14-10-2024 00:00,2024,10,October,Q4,14,Monday
15-10-2024 00:00,2024,10,October,Q4,15,Tuesday
16-10-2024 00:00,2024,10,October,Q4,16,Wednesday
17-10-2024 00:00,2024,10,October,Q4,17,Thursday
18-10-2024 00:00,2024,10,October,Q4,18,Friday
19-10-2024 00:00,2024,10,October,Q4,19,Saturday
20-10-2024 00:00,2024,10,October,Q4,20,Sunday
21-10-2024 00:00,2024,10,October,Q4,21,Monday
22-10-2024 00:00,2024,10,October,Q4,22,Tuesday
23-10-2024 00:00,2024,10,October,Q4,23,Wednesday
24-10-2024 00:00,2024,10,October,Q4,24,Thursday
25-10-2024 00:00,2024,10,October,Q4,25,Friday
26-10-2024 00:00,2024,10,October,Q4,26,Saturday
27-10-2024 00:00,2024,10,October,Q4,27,Sunday
28-10-2024 00:00,2024,10,October,Q4,28,Monday
29-10-2024 00:00,2024,10,October,Q4,29,Tuesday
30-10-2024 00:00,2024,10,October,Q4,30,Wednesday
31-10-2024 00:00,2024,10,October,Q4,31,Thursday
01-11-2024 00:00,2024,11,November,Q4,1,Friday
02-11-2024 00:00,2024,11,November,Q4,2,Saturday
03-11-2024 00:00,2024,11,November,Q4,3,Sunday
04-11-2024 00:00,2024,11,November,Q4,4,Monday
05-11-2024 00:00,2024,11,November,Q4,5,Tuesday
06-11-2024 00:00,2024,11,November,Q4,6,Wednesday
07-11-2024 00:00,2024,11,November,Q4,7,Thursday
08-11-2024 00:00,2024,11,November,Q4,8,Friday
09-11-2024 00:00,2024,11,November,Q4,9,Saturday
10-11-2024 00:00,2024,11,November,Q4,10,Sunday
11-11-2024 00:00,2024,11,November,Q4,11,Monday
12-11-2024 00:00,2024,11,November,Q4,12,Tuesday
13-11-2024 00:00,2024,11,November,Q4,13,Wednesday
14-11-2024 00:00,2024,11,November,Q4,14,Thursday
15-11-2024 00:00,2024,11,November,Q4,15,Friday
16-11-2024 00:00,2024,11,November,Q4,16,Saturday
17-11-2024 00:00,2024,11,November,Q4,17,Sunday
18-11-2024 00:00,2024,11,November,Q4,18,Monday
19-11-2024 00:00,2024,11,November,Q4,19,Tuesday
20-11-2024 00:00,2024,11,November,Q4,20,Wednesday
21-11-2024 00:00,2024,11,November,Q4,21,Thursday
22-11-2024 00:00,2024,11,November,Q4,22,Friday
23-11-2024 00:00,2024,11,November,Q4,23,Saturday
24-11-2024 00:00,2024,11,November,Q4,24,Sunday
25-11-2024 00:00,2024,11,November,Q4,25,Monday
26-11-2024 00:00,2024,11,November,Q4,26,Tuesday
27-11-2024 00:00,2024,11,November,Q4,27,Wednesday
28-11-2024 00:00,2024,11,November,Q4,28,Thursday
29-11-2024 00:00,2024,11,November,Q4,29,Friday
30-11-2024 00:00,2024,11,November,Q4,30,Saturday
01-12-2024 00:00,2024,12,December,Q4,1,Sunday
02-12-2024 00:00,2024,12,December,Q4,2,Monday
03-12-2024 00:00,2024,12,December,Q4,3,Tuesday
04-12-2024 00:00,2024,12,December,Q4,4,Wednesday
05-12-2024 00:00,2024,12,December,Q4,5,Thursday
06-12-2024 00:00,2024,12,December,Q4,6,Friday
07-12-2024 00:00,2024,12,December,Q4,7,Saturday
08-12-2024 00:00,2024,12,December,Q4,8,Sunday
09-12-2024 00:00,2024,12,December,Q4,9,Monday
10-12-2024 00:00,2024,12,December,Q4,10,Tuesday
11-12-2024 00:00,2024,12,December,Q4,11,Wednesday
12-12-2024 00:00,2024,12,December,Q4,12,Thursday
13-12-2024 00:00,2024,12,December,Q4,13,Friday
14-12-2024 00:00,2024,12,December,Q4,14,Saturday
15-12-2024 00:00,2024,12,December,Q4,15,Sunday
16-12-2024 00:00,2024,12,December,Q4,16,Monday
17-12-2024 00:00,2024,12,December,Q4,17,Tuesday
18-12-2024 00:00,2024,12,December,Q4,18,Wednesday
19-12-2024 00:00,2024,12,December,Q4,19,Thursday
20-12-2024 00:00,2024,12,December,Q4,20,Friday
21-12-2024 00:00,2024,12,December,Q4,21,Saturday
22-12-2024 00:00,2024,12,December,Q4,22,Sunday
23-12-2024 00:00,2024,12,December,Q4,23,Monday
24-12-2024 00:00,2024,12,December,Q4,24,Tuesday
25-12-2024 00:00,2024,12,December,Q4,25,Wednesday
26-12-2024 00:00,2024,12,December,Q4,26,Thursday
27-12-2024 00:00,2024,12,December,Q4,27,Friday
28-12-2024 00:00,2024,12,December,Q4,28,Saturday
29-12-2024 00:00,2024,12,December,Q4,29,Sunday
30-12-2024 00:00,2024,12,December,Q4,30,Monday
31-12-2024 00:00,2024,12,December,Q4,31,Tuesday
01-10-2025 00:00,2025,10,October,Q4,1,Wednesday
02-10-2025 00:00,2025,10,October,Q4,2,Thursday
03-10-2025 00:00,2025,10,October,Q4,3,Friday
04-10-2025 00:00,2025,10,October,Q4,4,Saturday
05-10-2025 00:00,2025,10,October,Q4,5,Sunday
06-10-2025 00:00,2025,10,October,Q4,6,Monday
07-10-2025 00:00,2025,10,October,Q4,7,Tuesday
08-10-2025 00:00,2025,10,October,Q4,8,Wednesday
09-10-2025 00:00,2025,10,October,Q4,9,Thursday
10-10-2025 00:00,2025,10,October,Q4,10,Friday
11-10-2025 00:00,2025,10,October,Q4,11,Saturday
12-10-2025 00:00,2025,10,October,Q4,12,Sunday
13-10-2025 00:00,2025,10,October,Q4,13,Monday
14-10-2025 00:00,2025,10,October,Q4,14,Tuesday
15-10-2025 00:00,2025,10,October,Q4,15,Wednesday
16-10-2025 00:00,2025,10,October,Q4,16,Thursday
17-10-2025 00:00,2025,10,October,Q4,17,Friday
18-10-2025 00:00,2025,10,October,Q4,18,Saturday
19-10-2025 00:00,2025,10,October,Q4,19,Sunday
20-10-2025 00:00,2025,10,October,Q4,20,Monday
21-10-2025 00:00,2025,10,October,Q4,21,Tuesday
22-10-2025 00:00,2025,10,October,Q4,22,Wednesday
23-10-2025 00:00,2025,10,October,Q4,23,Thursday
24-10-2025 00:00,2025,10,October,Q4,24,Friday
25-10-2025 00:00,2025,10,October,Q4,25,Saturday
26-10-2025 00:00,2025,10,October,Q4,26,Sunday
27-10-2025 00:00,2025,10,October,Q4,27,Monday
28-10-2025 00:00,2025,10,October,Q4,28,Tuesday
29-10-2025 00:00,2025,10,October,Q4,29,Wednesday
30-10-2025 00:00,2025,10,October,Q4,30,Thursday
31-10-2025 00:00,2025,10,October,Q4,31,Friday
01-11-2025 00:00,2025,11,November,Q4,1,Saturday
02-11-2025 00:00,2025,11,November,Q4,2,Sunday
03-11-2025 00:00,2025,11,November,Q4,3,Monday
04-11-2025 00:00,2025,11,November,Q4,4,Tuesday
05-11-2025 00:00,2025,11,November,Q4,5,Wednesday
06-11-2025 00:00,2025,11,November,Q4,6,Thursday
07-11-2025 00:00,2025,11,November,Q4,7,Friday
08-11-2025 00:00,2025,11,November,Q4,8,Saturday
09-11-2025 00:00,2025,11,November,Q4,9,Sunday
10-11-2025 00:00,2025,11,November,Q4,10,Monday
11-11-2025 00:00,2025,11,November,Q4,11,Tuesday
12-11-2025 00:00,2025,11,November,Q4,12,Wednesday
13-11-2025 00:00,2025,11,November,Q4,13,Thursday
14-11-2025 00:00,2025,11,November,Q4,14,Friday
15-11-2025 00:00,2025,11,November,Q4,15,Saturday
16-11-2025 00:00,2025,11,November,Q4,16,Sunday
17-11-2025 00:00,2025,11,November,Q4,17,Monday
18-11-2025 00:00,2025,11,November,Q4,18,Tuesday
19-11-2025 00:00,2025,11,November,Q4,19,Wednesday
20-11-2025 00:00,2025,11,November,Q4,20,Thursday
21-11-2025 00:00,2025,11,November,Q4,21,Friday
22-11-2025 00:00,2025,11,November,Q4,22,Saturday
23-11-2025 00:00,2025,11,November,Q4,23,Sunday
24-11-2025 00:00,2025,11,November,Q4,24,Monday
25-11-2025 00:00,2025,11,November,Q4,25,Tuesday
26-11-2025 00:00,2025,11,November,Q4,26,Wednesday
27-11-2025 00:00,2025,11,November,Q4,27,Thursday
28-11-2025 00:00,2025,11,November,Q4,28,Friday
29-11-2025 00:00,2025,11,November,Q4,29,Saturday
30-11-2025 00:00,2025,11,November,Q4,30,Sunday
01-12-2025 00:00,2025,12,December,Q4,1,Monday
02-12-2025 00:00,2025,12,December,Q4,2,Tuesday
03-12-2025 00:00,2025,12,December,Q4,3,Wednesday
04-12-2025 00:00,2025,12,December,Q4,4,Thursday
05-12-2025 00:00,2025,12,December,Q4,5,Friday
06-12-2025 00:00,2025,12,December,Q4,6,Saturday
07-12-2025 00:00,2025,12,December,Q4,7,Sunday
08-12-2025 00:00,2025,12,December,Q4,8,Monday
09-12-2025 00:00,2025,12,December,Q4,9,Tuesday
10-12-2025 00:00,2025,12,December,Q4,10,Wednesday
11-12-2025 00:00,2025,12,December,Q4,11,Thursday
